"","GDP","PCV"
"1",7.899116,8.451481
"2",7.920447,8.521185
"3",7.91257,8.246434
"4",7.956021,8.581107
"5",7.982894,8.576405
"6",8.014104,8.626944
"7",8.047797,8.741616
"8",8.062086,8.696677
"9",8.06407,8.608495
"10",8.072218,8.587465
"11",8.089298,8.774158
"12",8.113367,8.799812
"13",8.137513,8.78722
"14",8.165762,8.833463
"15",8.193621,8.906529
"16",8.232493,8.974618
"17",8.265239,8.968269
"18",8.285041,9.039552
"19",8.29993,9.053453
